Repository,Total Issues,Date Range,Runtime Errors %,Performance Issues %,Async Programming %,State Management %,Browser Compatibility %,Security Vulnerabilities %,Dependency Management %,Framework-Specific %,Network & API %,Configuration & Build %,Top Categories
https://github.com/Automattic/vip-cli,622,issues created before 2021-01-01,2.73,1.55,3.8,3.76,14.26,1.04,37.59,1.9,17.67,15.71,"Dependency Management, Network & API, Configuration & Build"
https://github.com/arlac77/aggregation-repository-provider,1162,issues created before 2021-01-01,5.25,1.45,0.52,0.34,13.57,0.59,52.48,0.1,13.57,12.13,"Dependency Management, Browser Compatibility, Network & API"
https://github.com/semantic-release/gitlab-config,85,issues created before 2021-01-01,0.76,8.35,2.85,0.38,6.45,0.19,39.09,0.19,25.05,16.7,"Dependency Management, Network & API, Configuration & Build"
https://github.com/Jahia/site-settings-seo,12,issues created before 2021-01-01,0.0,4.76,0.0,0.0,9.52,15.87,33.33,0.0,26.98,9.52,"Dependency Management, Network & API, Security Vulnerabilities"
https://github.com/semantic-release/gitlab,192,issues created before 2021-01-01,2.22,6.67,4.44,1.55,8.02,1.84,32.85,0.58,29.08,12.75,"Dependency Management, Network & API, Configuration & Build"
https://github.com/ooni/explorer,533,issues created before 2021-01-01,1.38,2.07,0.34,4.37,26.55,1.49,8.62,7.93,44.6,2.64,"Network & API, Browser Compatibility, Dependency Management"
https://github.com/DFE-Digital/login.dfe.support,315,issues created before 2021-01-01,3.9,0.65,4.55,4.55,18.83,5.19,23.38,1.95,27.27,9.74,"Network & API, Dependency Management, Browser Compatibility"
https://github.com/bugsnag/bugsnag-build-reporter-node,11,issues created before 2021-01-01,3.85,0.0,0.0,0.0,11.54,0.0,26.92,3.85,34.62,19.23,"Network & API, Dependency Management, Configuration & Build"
https://github.com/wix-incubator/wix-code-docs,411,issues created before 2021-01-01,3.41,0.0,0.98,25.37,34.15,0.0,2.44,9.27,22.44,1.95,"Browser Compatibility, State Management, Network & API"
https://github.com/arlac77/svn-repository-provider,660,issues created before 2021-01-01,3.77,2.35,0.59,0.24,13.85,0.59,54.99,0.2,10.62,12.82,"Dependency Management, Browser Compatibility, Configuration & Build"
https://github.com/explorable-viz/fluid,393,issues created before 2021-01-01,4.71,6.93,0.55,16.07,33.24,0.55,17.17,3.05,8.03,9.7,"Browser Compatibility, Dependency Management, State Management"
https://github.com/egy186/annict-backup,41,issues created before 2021-01-01,2.39,0.0,2.73,0.68,14.33,0.0,47.78,0.34,15.7,16.04,"Dependency Management, Configuration & Build, Network & API"
https://github.com/discourse/discourse-brand-header,5,issues created before 2021-01-01,0.0,25.0,0.0,0.0,25.0,0.0,0.0,25.0,25.0,0.0,"Performance Issues, Browser Compatibility, Framework-Specific"
https://github.com/maniator/react-badly,57,issues created before 2021-01-01,3.72,1.33,3.59,4.12,7.84,7.3,37.32,2.92,18.19,13.68,"Dependency Management, Network & API, Configuration & Build"
https://github.com/discourse/discourse-characters-required,8,issues created before 2021-01-01,0.0,0.0,0.0,0.0,100.0,0.0,0.0,0.0,0.0,0.0,"Browser Compatibility, Runtime Errors, Performance Issues"
https://github.com/gardener/dashboard,928,issues created before 2021-01-01,0.29,1.24,0.91,3.78,35.18,2.3,11.78,4.55,28.48,11.49,"Browser Compatibility, Network & API, Dependency Management"
https://github.com/ervin210/DevAV,1,issues created before 2021-01-01,0.0,0.0,0.0,0.0,14.29,28.57,14.29,0.0,28.57,14.29,"Security Vulnerabilities, Network & API, Browser Compatibility"
https://github.com/githublitao/api_automation_test,83,issues created before 2021-01-01,1.66,1.1,1.1,3.31,8.84,7.73,20.44,3.31,43.65,8.84,"Network & API, Dependency Management, Browser Compatibility"
https://github.com/liuxinqiong/reading-notes,4,issues created before 2021-01-01,3.85,3.85,0.0,0.0,11.54,7.69,38.46,7.69,19.23,7.69,"Dependency Management, Network & API, Browser Compatibility"
https://github.com/nickschot/ember-mobile-menu,111,issues created before 2021-01-01,2.19,1.46,0.0,0.73,26.28,4.38,30.66,5.11,16.06,13.14,"Dependency Management, Browser Compatibility, Network & API"
https://github.com/gkjohnson/three-mesh-bvh,182,issues created before 2021-01-01,2.62,12.83,4.08,5.54,20.12,3.5,21.87,0.29,18.66,10.5,"Dependency Management, Browser Compatibility, Network & API"
https://github.com/nice-move/nice-move,19,issues created before 2021-01-01,1.62,0.54,1.62,1.62,10.27,8.11,39.46,2.16,22.7,11.89,"Dependency Management, Network & API, Configuration & Build"
https://github.com/maproulette/maproulette3,1478,issues created before 2021-01-01,1.07,2.07,0.57,5.85,38.84,1.19,6.41,4.84,30.36,8.8,"Browser Compatibility, Network & API, Configuration & Build"
https://github.com/TheGiddyLimit/homebrew,731,issues created before 2021-01-01,1.38,1.38,0.92,1.84,40.09,0.0,20.28,0.92,30.88,2.3,"Browser Compatibility, Network & API, Dependency Management"
https://github.com/georgegillams/georgegillams.co.uk,830,issues created before 2021-01-01,1.32,3.59,1.63,3.45,9.13,5.05,36.84,7.05,23.36,8.57,"Dependency Management, Network & API, Browser Compatibility"
https://github.com/codeaholics/node-red-contrib-evohome,11,issues created before 2021-01-01,0.0,0.0,0.0,0.0,20.0,8.0,40.0,0.0,16.0,16.0,"Dependency Management, Browser Compatibility, Network & API"
https://github.com/nick-less/webpack-compass-imagehelper,8,issues created before 2021-01-01,0.0,2.2,2.2,1.1,8.79,8.79,43.96,0.0,25.27,7.69,"Dependency Management, Network & API, Browser Compatibility"
https://github.com/oclif/eslint-config-oclif,54,issues created before 2021-01-01,3.11,2.9,2.7,1.04,7.47,6.64,38.38,0.62,20.95,16.18,"Dependency Management, Network & API, Configuration & Build"
https://github.com/miroshkin/miroshkin.github.io,13,issues created before 2021-01-01,2.0,1.33,0.0,1.33,10.67,10.67,44.0,0.67,18.67,10.67,"Dependency Management, Network & API, Browser Compatibility"
https://github.com/kisssdev/kis-jsdoc-plugin,5,issues created before 2021-01-01,1.69,0.0,0.0,0.0,11.86,8.47,42.37,1.69,16.95,16.95,"Dependency Management, Network & API, Configuration & Build"
https://github.com/ayselafsar/dicomviewer,77,issues created before 2021-01-01,1.76,1.76,0.0,2.94,45.29,2.94,20.0,0.0,17.06,8.24,"Browser Compatibility, Dependency Management, Network & API"
https://github.com/dhis2/user-app,640,issues created before 2021-01-01,1.69,1.5,1.12,5.43,20.04,6.55,28.28,2.62,23.97,8.8,"Dependency Management, Network & API, Browser Compatibility"
https://github.com/scratchfoundation/scratch-svg-renderer,205,issues created before 2021-01-01,1.14,3.63,3.1,2.12,15.37,5.3,32.1,0.45,25.13,11.66,"Dependency Management, Network & API, Browser Compatibility"
https://github.com/qub-it/fenixedu-ulisboa-applications,2,issues created before 2021-01-01,0.0,0.0,0.0,0.0,0.0,0.0,0.0,0.0,0.0,100.0,"Configuration & Build, Runtime Errors, Performance Issues"
https://github.com/liatrio/devops-bootcamp,150,issues created before 2021-01-01,0.0,0.0,0.0,2.44,29.27,4.88,26.83,4.88,12.2,19.51,"Browser Compatibility, Dependency Management, Configuration & Build"
https://github.com/scriptex/webpack-mpa,580,issues created before 2021-01-01,1.32,2.16,1.8,1.76,11.95,2.74,39.88,0.76,14.25,23.39,"Dependency Management, Configuration & Build, Network & API"
https://github.com/JaninaWibker/html_to_md,2,issues created before 2021-01-01,0.0,0.0,0.0,0.0,9.09,9.09,45.45,0.0,18.18,18.18,"Dependency Management, Network & API, Configuration & Build"
https://github.com/DataDog/dd-trace-js,1174,issues created before 2021-01-01,2.94,2.77,6.89,4.05,20.66,1.67,16.08,1.04,34.27,9.63,"Network & API, Browser Compatibility, Dependency Management"
https://github.com/superhero/js.core,26,issues created before 2021-01-01,9.09,0.0,4.55,4.55,22.73,0.0,4.55,0.0,36.36,18.18,"Network & API, Browser Compatibility, Configuration & Build"
https://github.com/WazeDev/WME-GIS-Layers,59,issues created before 2021-01-01,6.25,0.0,0.0,9.38,65.62,0.0,0.0,0.0,15.62,3.12,"Browser Compatibility, Network & API, State Management"
https://github.com/entando/app-builder,973,issues created before 2021-01-01,1.66,0.5,2.0,10.48,18.14,1.66,13.14,10.82,20.13,21.46,"Configuration & Build, Network & API, Browser Compatibility"
https://github.com/snowflakedb/snowflake-connector-nodejs,139,issues created before 2021-01-01,1.18,0.79,9.06,5.12,12.6,3.54,24.02,3.94,29.53,10.24,"Network & API, Dependency Management, Browser Compatibility"
https://github.com/dan-mba/dan-mba.github.io,37,issues created before 2021-01-01,0.0,1.12,0.37,2.25,10.49,8.99,42.32,6.37,17.23,10.86,"Dependency Management, Network & API, Configuration & Build"
https://github.com/Kikobeats/xml-urls,70,issues created before 2021-01-01,0.2,6.15,0.0,0.0,8.81,2.87,44.26,0.0,27.25,10.45,"Dependency Management, Network & API, Configuration & Build"
https://github.com/sprx97/OldTimeHockey,75,issues created before 2021-01-01,0.0,4.17,0.0,25.0,31.25,0.0,6.25,4.17,27.08,2.08,"Browser Compatibility, Network & API, State Management"
https://github.com/graphql/graphql-over-http,154,issues created before 2021-01-01,0.95,1.43,0.95,5.71,28.57,1.43,2.38,1.9,54.29,2.38,"Network & API, Browser Compatibility, State Management"
https://github.com/scbd/oasis.cbd.int,44,issues created before 2021-01-01,2.44,0.0,2.44,3.66,7.32,8.54,35.37,9.76,20.73,9.76,"Dependency Management, Network & API, Framework-Specific"
https://github.com/travi/cli,1701,issues created before 2021-01-01,0.28,8.7,0.39,0.42,6.98,0.41,47.11,0.45,25.09,10.17,"Dependency Management, Network & API, Configuration & Build"
https://github.com/HeliumEdu/frontend,53,issues created before 2021-01-01,1.04,2.08,0.0,1.04,8.59,8.85,42.71,0.78,19.53,15.36,"Dependency Management, Network & API, Configuration & Build"
https://github.com/mdefaux/forte-table,25,issues created before 2021-01-01,0.0,0.0,0.0,5.56,22.22,0.0,22.22,16.67,11.11,22.22,"Browser Compatibility, Dependency Management, Configuration & Build"
https://github.com/chrisguttandin/broker-factory,234,issues created before 2021-01-01,0.34,7.18,0.74,0.74,7.75,0.23,36.37,1.08,22.46,23.09,"Dependency Management, Configuration & Build, Network & API"
https://github.com/chrisguttandin/worker-factory,246,issues created before 2021-01-01,0.44,6.87,0.71,0.71,7.97,0.22,36.39,0.99,22.54,23.14,"Dependency Management, Configuration & Build, Network & API"
https://github.com/shahkashani/stills,5,issues created before 2021-01-01,2.33,0.0,0.0,0.0,9.3,9.3,46.51,0.0,20.93,11.63,"Dependency Management, Network & API, Configuration & Build"
https://github.com/highcharts/highcharts-utils,33,issues created before 2021-01-01,1.96,0.0,6.86,0.98,14.71,4.9,41.18,0.0,18.63,10.78,"Dependency Management, Network & API, Browser Compatibility"
https://github.com/sauron4er/PLXK,12,issues created before 2021-01-01,0.0,0.0,0.0,2.27,10.23,11.36,45.45,0.0,20.45,10.23,"Dependency Management, Network & API, Security Vulnerabilities"
https://github.com/ROldford/puerto-rico-scoresheet,7,issues created before 2021-01-01,1.27,0.0,0.0,0.0,8.86,10.13,44.3,0.0,20.25,15.19,"Dependency Management, Network & API, Configuration & Build"
https://github.com/DFE-Digital/login.dfe.audit.winston-sequelize-transport,22,issues created before 2021-01-01,2.44,0.0,0.0,0.0,12.2,9.76,46.34,0.0,14.63,14.63,"Dependency Management, Network & API, Configuration & Build"
https://github.com/jermbo/SampleAPIs,108,issues created before 2021-01-01,0.0,2.25,0.0,3.37,17.98,2.25,17.98,0.0,50.56,5.62,"Network & API, Browser Compatibility, Dependency Management"
https://github.com/hmerritt/discord-encryption,8,issues created before 2021-01-01,0.0,0.0,0.0,7.69,38.46,15.38,0.0,0.0,38.46,0.0,"Browser Compatibility, Network & API, Security Vulnerabilities"
https://github.com/UKHomeOffice/asl,300,issues created before 2021-01-01,0.85,2.12,0.42,9.32,16.53,2.97,21.61,11.44,19.07,15.68,"Dependency Management, Network & API, Browser Compatibility"
https://github.com/UKHomeOffice/asl-public-api,309,issues created before 2021-01-01,2.19,1.09,2.19,2.92,22.63,3.28,21.53,0.73,35.4,8.03,"Network & API, Browser Compatibility, Dependency Management"
https://github.com/DFE-Digital/login.dfe.saml-assertions,88,issues created before 2021-01-01,0.0,0.0,1.23,0.0,14.72,7.98,39.88,0.61,21.47,14.11,"Dependency Management, Network & API, Browser Compatibility"
https://github.com/pubkey/eth-crypto,353,issues created before 2021-01-01,0.75,0.56,2.32,1.35,14.54,0.97,45.46,0.34,15.63,18.09,"Dependency Management, Configuration & Build, Network & API"
https://github.com/DEFRA/hapi-pg-rest-api,139,issues created before 2021-01-01,1.81,0.68,2.79,1.13,9.36,10.34,40.75,0.08,25.74,7.32,"Dependency Management, Network & API, Security Vulnerabilities"
https://github.com/neighborhood999/vue-signature-pad,287,issues created before 2021-01-01,1.99,3.23,2.5,2.55,10.55,0.91,37.38,11.4,16.05,13.44,"Dependency Management, Network & API, Configuration & Build"
https://github.com/code16/website,15,issues created before 2021-01-01,0.0,0.0,0.0,0.0,0.0,0.0,100.0,0.0,0.0,0.0,"Dependency Management, Runtime Errors, Performance Issues"
https://github.com/PorticoEstate/PorticoEstate,1407,issues created before 2021-01-01,0.0,0.0,0.0,4.35,47.83,2.9,10.14,3.62,14.49,16.67,"Browser Compatibility, Configuration & Build, Network & API"
https://github.com/nutritionix/vue-nutrition-label,5,issues created before 2021-01-01,0.0,0.0,5.0,5.0,10.0,5.0,25.0,10.0,25.0,15.0,"Dependency Management, Network & API, Configuration & Build"
https://github.com/UKHomeOffice/asl-service,214,issues created before 2021-01-01,3.75,1.25,0.83,7.08,19.58,4.58,15.42,7.92,19.17,20.42,"Configuration & Build, Browser Compatibility, Network & API"
https://github.com/ninja33/ODH,178,issues created before 2021-01-01,0.0,0.62,1.23,1.23,41.98,0.62,3.09,1.23,48.77,1.23,"Network & API, Browser Compatibility, Dependency Management"
https://github.com/electerm/electerm-locales,14,issues created before 2021-01-01,0.0,0.0,0.0,0.0,0.0,0.0,0.0,0.0,100.0,0.0,"Network & API, Runtime Errors, Performance Issues"
https://github.com/arpesenti/sonnen-dashboard,2,issues created before 2021-01-01,0.0,0.0,0.0,0.0,0.0,0.0,0.0,0.0,0.0,0.0,"Runtime Errors, Performance Issues, Async Programming"
https://github.com/canboat/canboatjs,145,issues created before 2021-01-01,2.9,1.45,1.45,2.9,34.78,1.45,30.43,0.0,18.84,5.8,"Browser Compatibility, Dependency Management, Network & API"
https://github.com/techiediaries/django-auth0-vue,2,issues created before 2021-01-01,0.0,0.0,25.0,0.0,0.0,0.0,0.0,25.0,25.0,25.0,"Async Programming, Framework-Specific, Network & API"
https://github.com/larvit/larvitbase-www,53,issues created before 2021-01-01,0.7,0.93,4.2,0.93,13.52,2.1,44.29,0.47,17.25,15.62,"Dependency Management, Network & API, Configuration & Build"
https://github.com/dvrpc/TCDI,5,issues created before 2021-01-01,0.0,0.0,0.0,0.0,14.29,0.0,14.29,14.29,14.29,42.86,"Configuration & Build, Browser Compatibility, Dependency Management"
https://github.com/sjakthol/cfn-execute-change-set,2,issues created before 2021-01-01,0.0,0.0,0.0,0.0,9.52,9.52,47.62,0.0,19.05,14.29,"Dependency Management, Network & API, Configuration & Build"
https://github.com/NitishPuri/ProcessingExperiments,3,issues created before 2021-01-01,0.0,0.0,0.0,0.0,0.0,0.0,0.0,0.0,0.0,0.0,"Runtime Errors, Performance Issues, Async Programming"
https://github.com/jinux7/study-collections,1,issues created before 2021-01-01,0.0,0.0,0.0,0.0,9.09,9.09,45.45,0.0,27.27,9.09,"Dependency Management, Network & API, Browser Compatibility"
https://github.com/JuneAndGreen/sm-crypto,36,issues created before 2021-01-01,15.38,0.0,0.0,11.54,19.23,0.0,7.69,11.54,15.38,19.23,"Browser Compatibility, Configuration & Build, Runtime Errors"
https://github.com/BuildFire/upVotePlugin,11,issues created before 2021-01-01,3.85,0.0,0.0,3.85,7.69,7.69,38.46,0.0,23.08,15.38,"Dependency Management, Network & API, Configuration & Build"
https://github.com/dscalzi/HeliosLauncher,131,issues created before 2021-01-01,3.64,0.81,2.02,4.05,15.38,3.64,25.91,1.21,27.13,16.19,"Network & API, Dependency Management, Configuration & Build"
https://github.com/SebOuellette/LiveBot,98,issues created before 2021-01-01,4.71,0.0,0.0,1.18,32.94,2.35,15.29,2.35,38.82,2.35,"Network & API, Browser Compatibility, Dependency Management"
https://github.com/ebshimizu/stats-of-the-storm,308,issues created before 2021-01-01,1.44,1.08,1.81,5.05,23.83,3.25,24.55,0.72,27.8,10.47,"Network & API, Dependency Management, Browser Compatibility"
https://github.com/funmaker/collage,5,issues created before 2021-01-01,1.96,0.0,0.0,0.0,9.8,9.8,49.02,0.0,19.61,9.8,"Dependency Management, Network & API, Browser Compatibility"
https://github.com/HowProgrammingWorks/Pool,1,issues created before 2021-01-01,0.0,0.0,0.0,0.0,0.0,0.0,0.0,0.0,0.0,0.0,"Runtime Errors, Performance Issues, Async Programming"
https://github.com/graphql-dotnet/graphql-dotnet.github.io,1,issues created before 2021-01-01,0.0,0.0,0.0,0.0,0.0,0.0,0.0,0.0,100.0,0.0,"Network & API, Runtime Errors, Performance Issues"
https://github.com/fastify/fastify-zipkin,20,issues created before 2021-01-01,0.55,1.64,0.55,2.73,9.29,7.1,35.52,1.64,30.6,10.38,"Dependency Management, Network & API, Configuration & Build"
https://github.com/fastify/fastify-citgm,3,issues created before 2021-01-01,0.0,0.0,0.0,0.0,0.0,0.0,18.18,0.0,45.45,36.36,"Network & API, Configuration & Build, Dependency Management"
https://github.com/ClearC2/grid-form-builder,170,issues created before 2021-01-01,2.07,0.69,0.69,4.14,29.66,0.0,8.28,17.93,20.0,16.55,"Browser Compatibility, Network & API, Framework-Specific"
https://github.com/brunomacedo/ssl-express-www,7,issues created before 2021-01-01,1.85,0.0,0.0,0.0,11.11,9.26,46.3,0.0,20.37,11.11,"Dependency Management, Network & API, Browser Compatibility"
https://github.com/movableink/data-sources-parser,8,issues created before 2021-01-01,0.0,5.56,0.0,0.0,33.33,0.0,5.56,16.67,22.22,16.67,"Browser Compatibility, Network & API, Framework-Specific"
https://github.com/jue89/node-edfsm,1,issues created before 2021-01-01,0.0,0.0,0.0,0.0,10.0,10.0,50.0,0.0,20.0,10.0,"Dependency Management, Network & API, Browser Compatibility"
https://github.com/Salesflare/unimail,84,issues created before 2021-01-01,0.67,0.22,1.45,0.56,9.59,8.58,42.81,0.0,27.76,8.36,"Dependency Management, Network & API, Browser Compatibility"
https://github.com/ENT8R/NotesReview,65,issues created before 2021-01-01,0.97,0.0,0.0,0.0,51.46,0.97,5.83,0.0,39.81,0.97,"Browser Compatibility, Network & API, Dependency Management"
https://github.com/monk-time/userscripts,1,issues created before 2021-01-01,0.0,0.0,0.0,0.0,0.0,0.0,0.0,0.0,0.0,0.0,"Runtime Errors, Performance Issues, Async Programming"
https://github.com/Starrynightzyq/starrynightzyq.github.io,8,issues created before 2021-01-01,0.0,0.0,0.0,1.11,11.11,10.0,45.56,2.22,18.89,11.11,"Dependency Management, Network & API, Browser Compatibility"
https://github.com/flexiooss/hotballoon,34,issues created before 2021-01-01,0.0,3.33,0.0,40.0,30.0,0.0,0.0,10.0,3.33,13.33,"State Management, Browser Compatibility, Configuration & Build"
https://github.com/dmgxmg/static-project,7,issues created before 2021-01-01,1.25,0.0,1.25,1.25,8.75,11.25,43.75,0.0,21.25,11.25,"Dependency Management, Network & API, Security Vulnerabilities"
https://github.com/maybe2020/maybe2020.github.io,5,issues created before 2021-01-01,0.0,0.0,1.72,1.72,8.62,15.52,41.38,0.0,17.24,13.79,"Dependency Management, Network & API, Security Vulnerabilities"
https://github.com/opencast/annotation-tool,432,issues created before 2021-01-01,1.42,0.47,1.57,3.46,33.54,2.83,15.91,1.1,30.55,9.13,"Browser Compatibility, Network & API, Dependency Management"
https://github.com/weishakeji/LearningSystem,8,issues created before 2021-01-01,0.0,0.0,0.0,0.0,0.0,0.0,50.0,0.0,50.0,0.0,"Dependency Management, Network & API, Runtime Errors"
https://github.com/ThundeRatz/ThunderSite,21,issues created before 2021-01-01,0.0,0.0,0.0,0.0,14.29,7.14,35.71,0.0,28.57,14.29,"Dependency Management, Network & API, Browser Compatibility"
https://github.com/henrycatalinismith/toad_modules,1,issues created before 2021-01-01,0.0,100.0,0.0,0.0,0.0,0.0,0.0,0.0,0.0,0.0,"Performance Issues, Runtime Errors, Async Programming"
https://github.com/sanger/quanthub,97,issues created before 2021-01-01,1.91,0.48,0.96,5.26,16.27,6.7,36.36,2.39,15.31,14.35,"Dependency Management, Browser Compatibility, Network & API"
https://github.com/shopgate/ext-product-reviews,18,issues created before 2021-01-01,0.0,0.0,0.0,0.0,23.08,0.0,38.46,23.08,15.38,0.0,"Dependency Management, Browser Compatibility, Framework-Specific"
https://github.com/jamestim9215/jamestim9215.github.io,3,issues created before 2021-01-01,2.94,0.0,0.0,2.94,8.82,8.82,44.12,0.0,20.59,11.76,"Dependency Management, Network & API, Configuration & Build"
https://github.com/Esri/projection-engine-db-doc,26,issues created before 2021-01-01,0.0,0.0,0.0,2.5,17.5,2.5,45.0,0.0,27.5,5.0,"Dependency Management, Network & API, Browser Compatibility"
https://github.com/manzanillo/smerge,90,issues created before 2021-01-01,0.0,0.0,0.0,2.1,16.08,9.79,41.96,0.0,19.58,10.49,"Dependency Management, Network & API, Browser Compatibility"
https://github.com/surveyjs/surveyjs-wordpress,21,issues created before 2021-01-01,0.0,0.0,0.0,0.0,37.93,0.0,17.24,13.79,27.59,3.45,"Browser Compatibility, Network & API, Dependency Management"
https://github.com/nickschot/ember-mobile-pane,24,issues created before 2021-01-01,0.85,1.69,0.85,0.0,10.17,10.17,42.37,2.54,19.49,11.86,"Dependency Management, Network & API, Configuration & Build"
https://github.com/LoTerence/altcoin-charter,3,issues created before 2021-01-01,9.52,0.0,0.0,0.0,9.52,9.52,47.62,0.0,19.05,4.76,"Dependency Management, Network & API, Runtime Errors"
https://github.com/nuintun/bundler,245,issues created before 2021-01-01,2.77,1.95,1.95,4.58,9.34,8.66,40.06,0.0,24.26,6.43,"Dependency Management, Network & API, Browser Compatibility"
https://github.com/stadelmanma/tree-sitter-fortran,53,issues created before 2021-01-01,1.2,0.0,0.0,32.53,21.69,1.2,8.43,0.0,27.71,7.23,"State Management, Network & API, Browser Compatibility"
https://github.com/orgapp/orgajs,76,issues created before 2021-01-01,4.32,4.94,0.0,4.32,19.14,1.23,25.31,2.47,28.4,9.88,"Network & API, Dependency Management, Browser Compatibility"
https://github.com/iobroker-community-adapters/ioBroker.spotify-premium,86,issues created before 2021-01-01,4.76,0.0,4.76,11.9,25.4,0.0,15.08,0.79,36.51,0.79,"Network & API, Browser Compatibility, Dependency Management"
https://github.com/ryanwalters/sticky-events,131,issues created before 2021-01-01,1.59,0.14,1.94,1.87,9.62,7.96,39.1,1.45,23.74,12.6,"Dependency Management, Network & API, Configuration & Build"
https://github.com/dobernike/learn-web,52,issues created before 2021-01-01,2.43,0.32,0.97,4.85,8.25,9.22,39.0,7.44,16.34,11.17,"Dependency Management, Network & API, Configuration & Build"
https://github.com/elzup/random-word-wikipedia,4,issues created before 2021-01-01,3.12,1.56,9.38,7.81,15.62,0.0,23.44,3.12,15.62,20.31,"Dependency Management, Configuration & Build, Browser Compatibility"
https://github.com/jaxx2104/nikuman,434,issues created before 2021-01-01,1.39,1.04,2.09,3.92,12.45,0.9,40.59,5.48,16.94,15.2,"Dependency Management, Network & API, Configuration & Build"
https://github.com/node-3d/image-raub,4,issues created before 2021-01-01,0.0,0.0,0.0,0.0,12.5,6.25,43.75,0.0,18.75,18.75,"Dependency Management, Network & API, Configuration & Build"
https://github.com/ev-church-website/ev-church-website,1,issues created before 2021-01-01,0.0,0.0,0.0,0.0,0.0,0.0,0.0,0.0,100.0,0.0,"Network & API, Runtime Errors, Performance Issues"
https://github.com/ecomplus/passport,11,issues created before 2021-01-01,0.0,0.0,6.67,0.0,20.0,6.67,26.67,6.67,26.67,6.67,"Dependency Management, Network & API, Browser Compatibility"
https://github.com/Opencast-Moodle/moodle-tool_opencast,28,issues created before 2021-01-01,0.0,0.0,0.0,3.92,11.76,7.84,19.61,0.0,45.1,11.76,"Network & API, Dependency Management, Browser Compatibility"
https://github.com/g33kio/vue-mousetrap,3,issues created before 2021-01-01,0.0,0.0,0.0,0.0,0.0,0.0,0.0,0.0,0.0,100.0,"Configuration & Build, Runtime Errors, Performance Issues"
https://github.com/bugsnag/webpack-bugsnag-plugins,49,issues created before 2021-01-01,1.81,0.0,4.82,0.6,12.05,0.6,17.47,2.41,25.3,34.94,"Configuration & Build, Network & API, Dependency Management"
https://github.com/w3c/wai-website-theme,25,issues created before 2021-01-01,0.0,0.0,0.0,5.26,31.58,0.0,0.0,15.79,36.84,10.53,"Network & API, Browser Compatibility, Framework-Specific"
https://github.com/pixilab/blocks-script,10,issues created before 2021-01-01,0.0,0.0,0.0,0.0,14.29,0.0,28.57,0.0,57.14,0.0,"Network & API, Dependency Management, Browser Compatibility"
https://github.com/ministryofjustice/manage-key-workers,519,issues created before 2021-01-01,1.57,2.35,2.35,7.05,19.32,6.27,16.71,10.44,21.67,12.27,"Network & API, Browser Compatibility, Dependency Management"
https://github.com/WebThingsIO/zigbee-adapter,272,issues created before 2021-01-01,2.59,0.94,0.71,6.37,23.58,2.36,14.62,0.24,36.32,12.26,"Network & API, Browser Compatibility, Dependency Management"
https://github.com/streetlives/streetlives-api,44,issues created before 2021-01-01,3.01,0.0,1.81,1.81,13.25,7.23,34.34,0.0,28.92,9.64,"Dependency Management, Network & API, Browser Compatibility"
https://github.com/clshortfuse/materialdesignweb,15,issues created before 2021-01-01,1.72,0.0,0.0,1.72,20.69,8.62,34.48,0.0,25.86,6.9,"Dependency Management, Network & API, Browser Compatibility"
https://github.com/devcode-git/hosted-fields-sdk,12,issues created before 2021-01-01,2.17,2.17,0.0,0.0,21.74,8.7,32.61,0.0,19.57,13.04,"Dependency Management, Browser Compatibility, Network & API"
https://github.com/NeelimaSharma/neelimasharma.github.io,1,issues created before 2021-01-01,0.0,0.0,0.0,9.09,9.09,9.09,45.45,0.0,18.18,9.09,"Dependency Management, Network & API, State Management"
https://github.com/jue89/node-mqttsngw-mqttbroker,3,issues created before 2021-01-01,0.0,0.0,11.11,11.11,33.33,0.0,0.0,0.0,44.44,0.0,"Network & API, Browser Compatibility, Async Programming"
https://github.com/MasterRO94/laravel-mail-viewer,2,issues created before 2021-01-01,0.0,0.0,0.0,0.0,9.09,9.09,45.45,0.0,27.27,9.09,"Dependency Management, Network & API, Browser Compatibility"
https://github.com/globus/django-globus-portal-framework,133,issues created before 2021-01-01,0.71,3.2,0.0,2.49,26.33,0.71,9.61,14.95,31.32,10.68,"Network & API, Browser Compatibility, Framework-Specific"
https://github.com/leovcunha/movie-recom,1,issues created before 2021-01-01,0.0,0.0,0.0,0.0,0.0,0.0,0.0,0.0,0.0,0.0,"Runtime Errors, Performance Issues, Async Programming"
https://github.com/chuhx1024/myNotes,13,issues created before 2021-01-01,2.04,0.0,0.0,1.36,8.84,10.88,44.9,8.84,17.69,5.44,"Dependency Management, Network & API, Security Vulnerabilities"
https://github.com/aenon/firefox-extensions,1,issues created before 2021-01-01,0.0,0.0,0.0,0.0,0.0,0.0,0.0,0.0,100.0,0.0,"Network & API, Runtime Errors, Performance Issues"
https://github.com/wouterdhooghe/svenenwouter2,116,issues created before 2021-01-01,2.3,0.0,0.0,2.3,87.36,0.0,0.0,0.0,1.15,6.9,"Browser Compatibility, Configuration & Build, Runtime Errors"
https://github.com/fosskers/fosskers.ca,37,issues created before 2021-01-01,0.0,6.0,1.0,1.0,13.0,0.0,38.0,0.0,30.0,11.0,"Dependency Management, Network & API, Browser Compatibility"
https://github.com/RoseLV/Minesweeper-React,8,issues created before 2021-01-01,1.02,0.0,2.04,0.0,8.16,9.18,40.82,8.16,18.37,12.24,"Dependency Management, Network & API, Configuration & Build"
https://github.com/orangecoding/fredy,13,issues created before 2021-01-01,1.75,1.75,0.0,0.0,10.53,8.77,43.86,0.0,21.05,12.28,"Dependency Management, Network & API, Configuration & Build"
https://github.com/tandrewnichols/grunt-simple-nyc,10,issues created before 2021-01-01,1.52,0.0,1.52,0.0,10.61,10.61,42.42,0.0,18.18,15.15,"Dependency Management, Network & API, Configuration & Build"
https://github.com/mansdahlstrom1/hass,1,issues created before 2021-01-01,0.0,0.0,0.0,0.0,0.0,0.0,0.0,0.0,0.0,0.0,"Runtime Errors, Performance Issues, Async Programming"
https://github.com/fnproject/fdk-node,35,issues created before 2021-01-01,1.25,0.0,5.0,6.25,13.75,5.0,23.75,0.0,37.5,7.5,"Network & API, Dependency Management, Browser Compatibility"
https://github.com/IAmAnubhavSaini/find-this-value,2,issues created before 2021-01-01,0.0,0.0,0.0,0.0,0.0,0.0,100.0,0.0,0.0,0.0,"Dependency Management, Runtime Errors, Performance Issues"
https://github.com/idsia-robotics/idsia-robotics.github.io,3,issues created before 2021-01-01,0.0,100.0,0.0,0.0,0.0,0.0,0.0,0.0,0.0,0.0,"Performance Issues, Runtime Errors, Async Programming"
https://github.com/jaywcjlove/oscnews,63,issues created before 2021-01-01,2.96,0.59,2.37,2.96,20.12,0.59,26.63,4.73,23.08,15.98,"Dependency Management, Network & API, Browser Compatibility"
https://github.com/OSU-AI-Club/OSU-AI-Club.github.io,52,issues created before 2021-01-01,0.0,22.22,0.0,0.0,55.56,0.0,0.0,0.0,22.22,0.0,"Browser Compatibility, Performance Issues, Network & API"
https://github.com/screwdriver-cd/notifications-slack,39,issues created before 2021-01-01,0.88,0.0,0.0,13.16,14.04,0.88,17.54,0.0,42.11,11.4,"Network & API, Dependency Management, Browser Compatibility"
https://github.com/johnluffa/hello-world,7,issues created before 2021-01-01,0.0,0.0,0.0,0.0,0.0,0.0,0.0,0.0,0.0,0.0,"Runtime Errors, Performance Issues, Async Programming"
https://github.com/arthurimirzian/salesforce-jwt-bearer-token-flow,7,issues created before 2021-01-01,13.33,0.0,13.33,0.0,26.67,0.0,20.0,0.0,26.67,0.0,"Browser Compatibility, Network & API, Dependency Management"
https://github.com/bywatersolutions/koha-plugin-cloudlibrary,14,issues created before 2021-01-01,4.08,2.04,0.0,0.0,10.2,8.16,42.86,0.0,20.41,12.24,"Dependency Management, Network & API, Configuration & Build"
https://github.com/TNG/karma-child-process,3,issues created before 2021-01-01,0.0,0.0,0.0,0.0,17.65,5.88,47.06,5.88,17.65,5.88,"Dependency Management, Browser Compatibility, Network & API"
https://github.com/DFE-Digital/login.dfe.sanitization,5,issues created before 2021-01-01,11.11,0.0,11.11,5.56,5.56,16.67,27.78,0.0,11.11,11.11,"Dependency Management, Security Vulnerabilities, Runtime Errors"
https://github.com/amadeus4dev/amadeus-node,96,issues created before 2021-01-01,1.19,0.79,2.78,0.4,13.49,4.37,27.78,1.98,39.68,7.54,"Network & API, Dependency Management, Browser Compatibility"
https://github.com/7c/telegraf-metrix-node,1,issues created before 2021-01-01,0.0,0.0,0.0,0.0,0.0,0.0,0.0,0.0,0.0,0.0,"Runtime Errors, Performance Issues, Async Programming"
https://github.com/nci-hcmi-catalog/portal,813,issues created before 2021-01-01,2.29,0.31,1.25,7.39,23.73,3.43,14.15,3.43,38.29,5.72,"Network & API, Browser Compatibility, Dependency Management"
https://github.com/stellarguard/stellarguard,45,issues created before 2021-01-01,0.5,0.0,2.51,1.01,14.57,10.55,36.68,0.5,23.12,10.55,"Dependency Management, Network & API, Browser Compatibility"
https://github.com/flespi-software/flespi-io-js,8,issues created before 2021-01-01,1.19,0.0,0.0,0.0,10.71,10.71,47.62,0.0,19.05,10.71,"Dependency Management, Network & API, Browser Compatibility"
https://github.com/webdriverio-community/wdio-docker-service,94,issues created before 2021-01-01,1.74,0.7,5.92,2.09,23.69,3.14,26.48,1.05,19.16,16.03,"Dependency Management, Browser Compatibility, Network & API"
https://github.com/joue-quroi/spoof-timezone,20,issues created before 2021-01-01,0.0,0.0,2.33,2.33,51.16,0.0,18.6,0.0,20.93,4.65,"Browser Compatibility, Network & API, Dependency Management"
https://github.com/DhananjayGupta300/DhananjayGupta300.github.io,1,issues created before 2021-01-01,0.0,0.0,0.0,0.0,11.11,11.11,44.44,0.0,22.22,11.11,"Dependency Management, Network & API, Browser Compatibility"
https://github.com/lucascantor/blog.lucascantor.com,22,issues created before 2021-01-01,0.0,16.67,0.0,0.0,66.67,0.0,16.67,0.0,0.0,0.0,"Browser Compatibility, Performance Issues, Dependency Management"
https://github.com/yyx990803/launch-editor,25,issues created before 2021-01-01,3.42,0.0,1.37,2.05,10.27,6.85,34.25,5.48,19.86,16.44,"Dependency Management, Network & API, Configuration & Build"
https://github.com/discourse-lab/Connective-Lex.info,3,issues created before 2021-01-01,0.0,0.0,0.0,0.0,100.0,0.0,0.0,0.0,0.0,0.0,"Browser Compatibility, Runtime Errors, Performance Issues"
https://github.com/yanagiragi/SubscriptionsWeb,4,issues created before 2021-01-01,0.0,0.0,0.0,0.0,9.09,9.09,45.45,0.0,22.73,13.64,"Dependency Management, Network & API, Configuration & Build"
https://github.com/Prozi/pixi-shim,16,issues created before 2021-01-01,5.97,4.48,0.0,7.46,22.39,2.99,31.34,0.0,14.93,10.45,"Dependency Management, Browser Compatibility, Network & API"
https://github.com/sunwu51/notebook,7,issues created before 2021-01-01,14.29,0.0,4.76,0.0,4.76,4.76,38.1,0.0,33.33,0.0,"Dependency Management, Network & API, Runtime Errors"
https://github.com/TCNOco/TcNo-Steam-Card-Assistant,1,issues created before 2021-01-01,0.0,0.0,0.0,0.0,0.0,0.0,0.0,0.0,0.0,0.0,"Runtime Errors, Performance Issues, Async Programming"
https://github.com/Esri/arcade-expressions,32,issues created before 2021-01-01,0.0,0.0,0.0,4.17,29.17,0.0,8.33,0.0,45.83,12.5,"Network & API, Browser Compatibility, Configuration & Build"
https://github.com/nathmahale/mathemat-lab,1,issues created before 2021-01-01,0.0,0.0,0.0,0.0,0.0,0.0,0.0,0.0,0.0,0.0,"Runtime Errors, Performance Issues, Async Programming"
https://github.com/gkjohnson/urdf-loaders,191,issues created before 2021-01-01,1.18,1.18,2.36,3.54,25.98,2.36,22.44,1.18,33.07,6.69,"Network & API, Browser Compatibility, Dependency Management"
https://github.com/corygibbons/react-file-icon,19,issues created before 2021-01-01,0.0,0.0,0.0,3.03,24.24,3.03,24.24,21.21,18.18,6.06,"Browser Compatibility, Dependency Management, Framework-Specific"
https://github.com/vinsonchuong/puppet-strings,27,issues created before 2021-01-01,1.3,0.43,0.43,1.3,12.17,8.7,41.3,1.3,22.17,10.87,"Dependency Management, Network & API, Browser Compatibility"
https://github.com/vinsonchuong/passing-notes,23,issues created before 2021-01-01,1.12,2.23,0.0,0.56,11.73,10.61,42.46,0.0,21.79,9.5,"Dependency Management, Network & API, Browser Compatibility"
https://github.com/ShowingCloud/Nashira,5,issues created before 2021-01-01,4.0,0.0,6.0,2.0,8.0,8.0,40.0,0.0,20.0,12.0,"Dependency Management, Network & API, Configuration & Build"
https://github.com/ShowingCloud/Dabih,6,issues created before 2021-01-01,3.17,0.0,4.76,1.59,9.52,7.94,39.68,0.0,20.63,12.7,"Dependency Management, Network & API, Configuration & Build"
https://github.com/datamade/bga-payroll,510,issues created before 2021-01-01,3.36,0.8,1.28,5.28,38.24,2.08,9.92,0.32,30.88,7.84,"Browser Compatibility, Network & API, Dependency Management"
https://github.com/xemuliam/misc,1,issues created before 2021-01-01,0.0,0.0,0.0,0.0,0.0,0.0,0.0,0.0,0.0,0.0,"Runtime Errors, Performance Issues, Async Programming"
https://github.com/energydrink9/functional-data-grid,47,issues created before 2021-01-01,1.11,8.33,0.56,2.78,9.44,0.0,36.67,5.56,26.67,8.89,"Dependency Management, Network & API, Browser Compatibility"
https://github.com/y13i/cfn-schema,194,issues created before 2021-01-01,2.32,2.19,2.83,0.77,12.23,1.03,34.49,3.22,17.5,23.42,"Dependency Management, Configuration & Build, Network & API"
https://github.com/IonicaBizau/vignere-babbage-cipher,6,issues created before 2021-01-01,0.0,0.0,0.0,0.0,33.33,0.0,0.0,0.0,66.67,0.0,"Network & API, Browser Compatibility, Runtime Errors"
https://github.com/IonicaBizau/videomost,4,issues created before 2021-01-01,0.0,4.76,4.76,9.52,14.29,9.52,23.81,0.0,23.81,9.52,"Dependency Management, Network & API, Browser Compatibility"
https://github.com/IonicaBizau/msdos-editor,6,issues created before 2021-01-01,0.0,0.0,0.0,0.0,25.0,0.0,0.0,0.0,75.0,0.0,"Network & API, Browser Compatibility, Runtime Errors"
https://github.com/scott113341/group-sms,7,issues created before 2021-01-01,1.79,1.79,0.0,0.0,8.93,8.93,46.43,0.0,19.64,12.5,"Dependency Management, Network & API, Configuration & Build"
https://github.com/reneghosh/reneghosh.github.io,2,issues created before 2021-01-01,0.0,0.0,0.0,0.0,0.0,0.0,0.0,0.0,0.0,0.0,"Runtime Errors, Performance Issues, Async Programming"
https://github.com/onechiporenko/ember-bootstrap-modals-manager,30,issues created before 2021-01-01,0.86,0.0,0.86,0.0,12.07,7.76,43.1,3.45,22.41,9.48,"Dependency Management, Network & API, Browser Compatibility"
https://github.com/Linaro/lkft-website,285,issues created before 2021-01-01,1.23,0.0,0.0,1.23,22.22,2.47,12.35,2.47,27.16,30.86,"Configuration & Build, Network & API, Browser Compatibility"
https://github.com/NeoResearch/neocompiler-eco,88,issues created before 2021-01-01,0.0,0.91,0.0,3.64,17.27,1.82,16.36,0.91,24.55,34.55,"Configuration & Build, Network & API, Browser Compatibility"
https://github.com/mkdinh/bootcamp-manager,8,issues created before 2021-01-01,1.04,1.04,3.12,3.12,9.38,9.38,41.67,0.0,19.79,11.46,"Dependency Management, Network & API, Configuration & Build"
https://github.com/ebaauw/homebridge-music,22,issues created before 2021-01-01,3.64,0.0,1.82,9.09,12.73,0.0,36.36,0.0,23.64,12.73,"Dependency Management, Network & API, Browser Compatibility"
https://github.com/lesteve/userscripts,2,issues created before 2021-01-01,0.0,0.0,0.0,0.0,100.0,0.0,0.0,0.0,0.0,0.0,"Browser Compatibility, Runtime Errors, Performance Issues"
https://github.com/honeycombio/beeline-nodejs,271,issues created before 2021-01-01,3.03,0.61,14.81,9.34,12.01,2.31,16.75,1.09,32.28,7.77,"Network & API, Dependency Management, Async Programming"
https://github.com/belachkar/nodekb,2,issues created before 2021-01-01,7.14,0.0,10.71,3.57,7.14,7.14,35.71,0.0,17.86,10.71,"Dependency Management, Network & API, Async Programming"
https://github.com/pageboard/client,165,issues created before 2021-01-01,2.64,5.29,1.32,8.37,29.07,0.88,4.41,1.76,41.41,4.85,"Network & API, Browser Compatibility, State Management"
https://github.com/TwoStoryRobot/eslint-config,29,issues created before 2021-01-01,0.0,0.0,1.23,0.0,12.35,1.23,34.57,8.64,19.75,22.22,"Dependency Management, Configuration & Build, Network & API"
https://github.com/Merkoba/Huebot,2,issues created before 2021-01-01,6.67,0.0,0.0,0.0,13.33,6.67,33.33,6.67,26.67,6.67,"Dependency Management, Network & API, Browser Compatibility"
https://github.com/tvanro/prerender-alpine,7,issues created before 2021-01-01,0.0,0.0,0.0,0.0,36.36,0.0,27.27,9.09,27.27,0.0,"Browser Compatibility, Dependency Management, Network & API"
