,ProjectName,post23,post24,post25
0,3d,8281,8015,8041
1,3nations-bingo,3444,3444,3444
3,AntoninSlejska.github.io,5407,5407,5407
4,ArchiCG,399764,399764,399764
5,BaiduFanyi_Crawler,111,111,396
6,Baileys,99201,55841,62448
7,BeatSaber-Web-Replays,98022,108640,110188
8,Bon,7225,8425,10224
9,Brutal2,5975,12518,12526
10,CS559-Lib,509,511,511
11,ChemicalStructureEditor,1027,1889,3203
12,Chirpity-Electron,21503,8792,38882
14,Crypto-Tracker,211,211,211
15,DSA,415,415,415
16,DevSummit-presentation,3095,3354,27743
17,EatDanbai,559,559,559
18,FormPress,20298,28119,28969
19,Foundry_WoD20,12533,17134,20940
24,Harry-Potter-character-searcher-React,8653,8653,8653
25,HatsAndCaps,6308,6355,6355
26,IDEddy.github.io,11453,11453,11453
28,JavaScriptLearning,4823,4823,4823
29,Javascript-challenges,164,164,164
30,JavascriptKeyboard,273,286,286
32,MC_go,43238,43238,43238
33,NSE-BhavCopy-Daily,188,188,188
34,Nerinyan-WEB,6659,8236,8376
35,Nick-NCSU.github.io,141,141,215
36,OpiskelijalounasWebFetchAction,50573,50573,50573
37,OrganDonationAPP,1939,1939,1939
38,PersonalSite,2029,2853,2494
39,PiLot,46966,54506,114617
40,Pixel-Art-Maker-at-Masterschool,38,38,38
41,Portfolio_old,1222,1206,1206
42,Quotes,2221,2221,2221
43,RAScripts,1111,1113,9091
44,Rules,731,731,1261
45,ScoreSaberRanking,431,431,431
46,SearchPhrases,404,423,500
47,SoftUni_Main_SW_Engineering_Program,460482,460482,460482
49,Theo-Platt.github.io,0,0,7669
50,Tour-of-Honor-MobileApp,1889,2104,2107
51,Translators-Discord-Bot,2522,2944,2944
52,UMTX,1293,0,16725
55,VincentJuge1987.github.io,18785,20156,20156
56,Warzone-generator,293,435,672
59,adamsocrat,37,38,38
60,admin,23461,3323,3323
61,aep-mobile-sdkdocs,1245,1235,2514
62,afpweb,4439,4697,4730
63,algorithm,1225,1232,1242
64,algorithm_study,479,479,479
65,alphabiz,339896,376759,376842
66,andreped.github.io,20625,20625,20625
67,app-geolocalizaci-n,155,155,155
68,array-typed-complex,0,829,2734
69,arvidsandin.github.io,46435,572,15719
71,atuannguyen.github.io,41250,41250,20625
72,auto-contributer,82,82,82
75,awesome-web3,115,117,117
76,azdataGraph,192310,192307,75221
78,bike-fun,2805,8613,19608
80,blogtini,1385,2057,2315
82,bridge,3140,5137,7097
83,bring-your-umbrella,536,536,536
84,cal,171163,171163,171163
85,catalog_courses_update,1126,1126,1126
86,cfi-commonplace-book,182048,354353,287595
87,chrislockard.net,2538,2538,0
88,cilium.io,1291,2062,2444
89,codewars-katas,6284,11084,11084
91,collection-ui,2667,2667,2667
92,com.tomtom,557,587,587
93,community-images,66,75,1582
94,content-entry-transform,0,0,0
95,content-scope-scripts,70217,177521,45859
98,curricularbwg,921,921,921
99,cybertiwari,28,28,28
100,cypress-crawl-example,116,116,116
101,d3Charts,15583,75170,108746
103,dataflux,2886,2936,3052
105,deno-bin-test-1,48,48,48
106,docoff,788,793,791
107,docs,49011,46569,51502
110,dpl4server,3113,7560,8786
111,e2z1.github.io,30,30,30
112,echolacombe,1976,1985,2014
113,eckles,425,449,588
114,electron-hiprint,474,946,121787
115,ember-apply,1356,2398,2404
118,eslint-plugin-smarthr,2726,4154,6687
120,ewibot,4228,6699,6950
121,faker3,772408,772408,772408
122,fastropemadeira,52378,106246,107991
123,fenagh,93926,93824,93785
124,fetch,48,83,83
125,ffc-pay-request-editor,8423,9132,9614
126,find-cypress-specs,962,1735,1908
127,flat-voortgang,70,70,70
128,fleteRos-frontend,606,755,755
129,flex,36937,129280,258561
131,fucking-awesome-mac,0,0,0
134,funcSug,2801,9845,10008
135,fxserver-versions-scraper,59,59,60
136,gDorigon.github.io,0,42857,42941
137,git-commit-analytics,542,548,548
138,github-action-contributors,17420,899,44897
141,gittargets,13964,13964,13964
142,gmierzwinski.github.io,1259,1259,1276
143,hap-toolkit,43987,123279,124367
144,helix-mediahandler,1465,2309,2353
145,helix-sidekick-extension,11577,13729,14874
146,hello-world-nextjs,383,383,383
147,home-ops,0,152,152
148,homeChange_vs2022,113476,113476,113476
149,homebridge-deconz,6716,6082,6316
152,imageframe,271,687,853
153,inotebook,718,718,718
154,intelligent-EMB,211,213,221
155,ip1-8191201,3228,3228,3228
157,ipv-cri-address-front,2468,2469,3804
158,ipv-cri-kbv-front,1543,1561,1719
159,jetpack-shared-extension-utils,291,659,652
160,jordangalida.github.io,25984,25984,25984
161,jradziejewski,251,251,251
162,js-taiwan-after-schools-map,16619,16619,16619
163,js-taiwan-reservoirs-information,109,109,109
165,kappaml.com,1308,1308,1308
166,kek-online-archive,51636,51636,51636
168,koreaygj.github.io,16486,16486,16486
171,lcgbr-ecom,704,1023,1023
172,learn-express,1962,1986,1986
173,lectures,203,630684,630774
174,leet-code,435,435,435
176,leet_code_practice,5035,17272,29597
177,legacy_annotation_tool,2580,144939,5051
178,lifehacks,18761,19106,19131
179,logger,156,141,200
182,luckyos-code.github.io,20626,20626,20626
183,luma-homeops,0,0,0
184,madcamp_week2_server,170096,170096,170096
186,markharrison.github.io,12977,12745,14669
187,minesweeper,382,382,391
189,mocowcow.github.io,16488,16488,16488
190,monorepo,67571,90337,90299
191,mrKuznetsov698.github.io,51,136,136
192,msswabot,1018,1061,1094
194,ndarray-base-assert-is-read-only,22,644,640
195,ndarray-zeros,0,3754,6690
196,nimmersatt,809,809,879
197,node-red-my-nodes,1192,1532,12504
199,node.it,11,11,11
200,nodejs-express-jwt-mongodb-boilerplate,12065,12120,13412
201,obscene_racing_machine,299,52523,52765
202,p5_collection,336,764,2328
203,personal-landing-page,219,228,228
205,pgz-hiprint-html,46939,46939,46939
207,plattform,202786,156108,154752
208,playchess,1261,1261,1261
209,plexrepo,40,40,40
210,pob-monorepo-test-repository,1740,661,19
212,portfolio-ggc,1474,1836,2147
213,portfolio-v2,768,780,780
215,pravee03,58,58,58
216,presentations,60487,65122,62644
217,press-start,16967,17491,17071
218,projects,26442,283683,445698
219,putio-downloader,239,239,677
220,roborock-controller-api,179,179,351
221,rss-feed-parser,184,185,185
222,scarletflamecandleco.github.io,56812,56812,56812
223,security,29000,39953,41771
225,shaoshupai-trending-hot-search,40,40,40
227,site,7745,7860,7945
228,slowle,8363,8371,8371
229,slugplanners,41944,41944,41944
232,spacepirates,3563,4281,4281
233,speaker-calibration,31560,286459,242037
234,spice-diode-model-js,2327,2358,2424
235,spotify-friend-activity,126,136,136
236,srs-docs,408,431,416
237,standard,7511,8958,5878
238,strapi4,120,150,150
239,stromausfall-snapshots,27,27,27
240,strudel,101277,32530,33297
241,study-blog,141,141,141
242,sumanbiswas7,85,85,85
243,svskaushik.github.io,1689,1689,1689
247,thiagozf,53,53,53
248,token-lists,161,311,281
249,tools.openapis.org,1451,3936,4132
251,tutorscheduling-backend,6042,5639,5649
252,twitch_clips_player,14265,14473,14485
253,uber-clone,477,477,477
255,usdr-gost,21085,30158,35495
256,user_migration,146943,93624,97885
259,video-json,2457,2457,2457
260,vizitka-interaktivni,44,44,44
262,vue-currentuser,25,25,25
263,vue-demo,499,499,499
